{
  "project_info": {
    "project_number": "518204718822",
    "firebase_url": "https://chat-93e4e.firebaseio.com",
    "project_id": "chat-93e4e",
    "storage_bucket": "chat-93e4e.appspot.com"
  },
  "client": [
    {
      "client_info": {
        "mobilesdk_app_id": "1:518204718822:android:98a17370096ebe2d18c527",
        "android_client_info": {
          "package_name": "com.google.firebase.codelab.friendlychat"
        }
      },
      "oauth_client": [
        {
          "client_id": "518204718822-g2asfr6qugr955nkubhdbgnpn9ftcara.apps.googleusercontent.com",
          "client_type": 1,
          "android_info": {
            "package_name": "com.google.firebase.codelab.friendlychat",
            "certificate_hash": "d8cd2a989f9bee9d49b06acbc58bc64c00cca198"
          }
        },
        {
          "client_id": "518204718822-cdb3ab88l0s77ivobrdhsm515o15q2nr.apps.googleusercontent.com",
          "client_type": 3
        }
      ],
      "api_key": [
        {
          "current_key": "AIzaSyAfvZSKjW5dJX_1jGZlkNm1ANyRuH8fsiA"
        }
      ],
      "services": {
        "appinvite_service": {
          "other_platform_oauth_client": [
            {
              "client_id": "518204718822-cdb3ab88l0s77ivobrdhsm515o15q2nr.apps.googleusercontent.com",
              "client_type": 3
            }
          ]
        }
      }
    }
  ],
  "configuration_version": "1"
}